"sample","subtype","ESR1","GATA3","ERBB2","PGR"
84,"Basal-like",6.17041878768507,6.89087787719101,8.72348331937637,4.17883668755601
85,"Basal-like",4.40827057016584,7.70735289189791,6.72816817090088,3.76509109029207
87,"Basal-like",5.75918664244628,5.31379076978767,7.85987827602421,4.10718218839275
90,"Basal-like",5.81620204785909,5.43208596455398,8.61799684804561,4.79904380215289
91,"Basal-like",5.41806458157644,8.19700318299581,9.46869205926418,4.22607310059609
92,"Basal-like",4.32389589736759,2.83274477975758,7.27466176010512,3.82849732989317
93,"Basal-like",3.77234115428976,5.17052817304243,9.53788833099465,4.05167336376698
94,"Basal-like",5.3676159894072,8.49488241072394,9.05124822740916,3.90551215951492
99,"Basal-like",4.50083907310743,4.4896248302972,10.2114992794869,4.02979122698331
101,"Basal-like",4.84426162960867,6.39225547128487,8.57933161227916,3.87078299173088
102,"Basal-like",4.03950448957694,4.11624830503725,9.12803279267805,4.31100307112088
106,"Basal-like",5.55311243020113,7.27849304354618,8.88741364130921,4.45911495897337
108,"Basal-like",5.15659146227428,6.21661056701289,8.43871164773448,4.68888491130787
109,"Basal-like",6.00898925447717,8.63608159101555,9.17495372384799,3.98829581966159
110,"Basal-like",7.93643452711548,8.75549315682001,9.25646175899392,4.38781643263966
111,"Basal-like",7.46085712408193,7.53058963514042,9.05156479437212,4.14199040096535
112,"Basal-like",4.9297632587567,6.50283512957411,8.43655423339181,4.31498242018984
113,"Basal-like",4.69303581790557,7.73223689993009,9.18621812975758,4.38662352409275
114,"Basal-like",4.36157450476306,7.0995018783982,10.0152113480111,4.30339194683976
115,"Basal-like",7.86306963842324,6.47239406271698,7.78127503208958,4.15901879810847
118,"Basal-like",3.56914004631375,3.28742910026082,8.61218406497597,4.34920317579561
119,"Basal-like",5.87681864186113,6.93525845919458,8.71362200586639,6.88948791207401
120,"Basal-like",7.67901451670971,8.57571826367651,8.779342983283,4.25644381833878
124,"Basal-like",8.21348573574463,6.46610983180555,9.20878820175093,4.39605091923661
125,"Basal-like",4.21341601677514,9.27110025504413,9.47092639047354,3.99801060657322
128,"Basal-like",4.96208676274634,4.54755585201227,12.1789465152617,4.47098555672543
130,"Basal-like",4.60116541840623,9.16427924217009,10.166222716871,4.35400590860347
131,"Basal-like",6.87569597620426,4.04172043725239,9.05391939956483,4.84284882548846
135,"Basal-like",5.53989312213855,5.76058056171457,9.26175501857294,4.85981489929227
136,"Basal-like",8.14832747920434,7.15388049817577,8.0740556162485,4.43233281672376
138,"Basal-like",7.88057386754305,4.89423162827888,9.27685614918956,4.12510090359833
139,"Basal-like",5.06480147849663,6.31426789525699,9.19049946032118,3.97525506586438
142,"Basal-like",4.81657243858463,3.33946193857687,9.48546703704879,4.19703140847171
143,"Basal-like",5.71858210353174,8.21113437881304,8.45784957885443,4.2838931951453
144,"Basal-like",6.02083310671272,7.79645591545608,11.0408074806488,4.30903430021224
145,"Basal-like",4.49403367607024,5.42016958007461,8.96287075780185,4.50123643984426
146,"Basal-like",4.31764002827669,4.85081202576896,8.11056773561522,4.5715331841679
147,"Basal-like",8.14230788219444,6.79054152289349,9.36152869270174,4.51126723907618
148,"Basal-like",7.56007843007532,7.7192852035826,9.17138929325924,4.24095215918502
149,"Basal-like",5.21362261178745,9.24758991538524,9.11923418583185,5.0276915032977
150,"Basal-like",5.68997517427213,8.28974114408445,9.07034401751367,4.32193096043306
86,"HER2-enriched",5.52391343994201,8.72905848018001,13.6629627320022,4.22057007562219
88,"HER2-enriched",5.37125148741406,9.29860339292873,13.435696476066,3.99592219622069
89,"HER2-enriched",4.92091609624021,7.86322511761364,13.1848034060227,4.27482439391548
95,"HER2-enriched",6.00999621087001,9.92982676952709,13.7219694852881,5.04745812892992
96,"HER2-enriched",5.08846570978175,8.26693766059441,13.5977812700424,4.21436415213274
97,"HER2-enriched",6.2503594875913,8.49438526614294,13.4401622442697,4.10642317042016
98,"HER2-enriched",8.6220087847815,9.70112917586007,12.4028510418467,6.77082749091241
100,"HER2-enriched",5.73116984463913,8.32967863329364,13.5405380227127,3.83710461198607
103,"HER2-enriched",7.27647678611019,11.0007266373602,13.0447736962303,3.98283114317708
104,"HER2-enriched",6.26983463521096,8.84730166857657,12.5425339978471,4.08300895799702
105,"HER2-enriched",6.26612734100508,8.3312024773263,12.8816756026647,4.13067610584463
107,"HER2-enriched",6.53821732541488,9.8090447097419,13.7803314024729,4.58497503097651
116,"HER2-enriched",8.7536469209598,10.3393899990423,13.0904397584408,4.39071844266623
117,"HER2-enriched",4.97024013785671,6.47059446606534,13.5131147502283,4.90745264393149
121,"HER2-enriched",7.37177300045955,9.63846050471261,13.192489630096,4.11538924943887
122,"HER2-enriched",4.8738077364117,8.53152725660644,13.6122518284932,4.25615965444919
123,"HER2-enriched",5.7204641572486,7.11122556716972,13.921082785199,4.93589754458869
126,"HER2-enriched",5.1189048359954,9.91958698909727,12.9748651524897,6.54716427721677
127,"HER2-enriched",6.1146131529845,6.34616821367395,13.8268193086299,4.75808734928771
129,"HER2-enriched",7.70605242161157,10.4317925327591,12.9053549722815,6.46682716914192
132,"HER2-enriched",5.12482570606615,9.63526461407198,12.5666706866608,4.43623011863248
133,"HER2-enriched",5.71419393783373,9.84367435213062,13.6152935566191,4.03064888729198
134,"HER2-enriched",7.87350546338803,8.06399713475325,13.5052988049604,6.28707677604722
137,"HER2-enriched",5.05347159557073,7.23380390814893,13.9924188579118,4.73428736337594
140,"HER2-enriched",5.87436532965813,8.29128974871678,14.0481589719983,4.92316934192639
141,"HER2-enriched",4.90747242858745,8.16024329293965,12.9652508248836,4.3779945130421
151,"HER2-enriched",5.9349926115516,8.22719339908342,12.6725907225013,4.93644046098533
152,"HER2-enriched",4.94287592687819,9.04392499114013,13.856407281459,5.0754379218813
153,"HER2-enriched",4.64067739940107,10.7524911521044,13.8949599576857,4.23227580386326
154,"HER2-enriched",6.13363308300963,8.05946923835693,12.9727763504349,4.67454189670346
155,"Cell line",6.96307699736639,7.70725171360017,9.42517577546113,4.37647206812174
156,"Cell line",5.20828977287814,8.12474988758703,8.37421420999107,4.11738053336009
157,"Cell line",6.79094508684683,7.02620246642579,8.6777201544388,4.54913893240346
158,"Cell line",5.42220107984154,8.57186624149937,10.2391254909531,4.28072433664974
159,"Cell line",7.30927547576393,7.48119107360307,8.72003806994036,4.08875519820131
160,"Cell line",5.2158322171805,6.82025095395006,7.85193777826112,4.38798446350577
161,"Cell line",4.39653438232,6.13768220059317,9.71723817556635,5.34193599409099
162,"Cell line",4.1476744269044,5.64054311076907,8.33636907251811,4.3438883252588
163,"Cell line",3.93017152346936,3.66975769083455,7.08196107094146,3.91901521016933
164,"Cell line",4.21840007460458,3.97579592076551,8.19380612290497,4.75016180340006
165,"Cell line",3.83623722562515,4.66912652954742,7.5881146440162,4.51092556713315
166,"Cell line",3.81928545880374,5.16483079272053,8.28065285620614,4.81172170517296
167,"Cell line",6.228049682379,5.71103741060567,7.75098257599518,4.49252146596603
168,"Cell line",5.00158837761222,6.76777196768734,8.40635852292594,3.99788857365379
171,"Normal",7.88401094537526,7.43734601079206,8.45447348048266,7.01184294851269
172,"Normal",9.04671509997589,8.09762929323855,9.50689657232069,9.22808024829323
173,"Normal",10.0270020810286,8.93303657164461,10.3367415308701,7.47770725414632
174,"Normal",9.63349701870377,8.57256234393806,9.46120254126233,8.13589473473443
175,"Normal",8.94586705158029,9.00471453876323,10.0217455321409,9.13071277856686
177,"Normal",10.6544456088268,9.46147474925728,9.62479831570818,9.68640613843479
178,"Normal",8.61048079402605,8.36640148256062,9.63549748153829,9.10172993916888
180,"Luminal A",11.9442766327941,11.3714870475514,8.35590228546961,10.8760300408316
181,"Luminal A",10.9554141420832,11.1896682202528,9.58402675240351,10.020797842434
184,"Luminal A",11.392720600999,10.4448314878022,8.85501311977919,12.0712172825683
187,"Luminal A",9.47395847387155,11.0304831244107,10.1051578342699,7.19928140777086
190,"Luminal A",10.2980736735286,10.0739225177041,9.08711451555701,10.8520667517906
191,"Luminal A",10.0760869909968,10.4971911283952,8.94556053330141,10.461278578995
194,"Luminal A",11.6316987381448,10.1992904934964,9.95192812648975,11.5031128815669
195,"Luminal A",11.2432456535288,10.6878755453007,8.92769470928042,10.3614316482478
199,"Luminal A",11.2867587782196,11.7781666522015,10.1292477203676,11.696172911655
200,"Luminal A",12.2987147398602,11.1190022317552,10.7059282181266,11.02509614319
203,"Luminal A",12.8992024486458,10.5798721221523,10.0646397258053,12.5711557710376
204,"Luminal A",11.096150895909,10.2172902917222,9.74340409786043,10.2935997732527
205,"Luminal A",11.6860161569743,11.2303800986448,10.8111401222716,9.75886501861645
208,"Luminal A",10.6160642160703,10.8947257860616,9.75284303778789,9.66392028116345
209,"Luminal A",10.5534098109163,10.0461782053022,9.39280844599058,9.2830307449882
213,"Luminal A",12.8749880205941,11.2563091704652,10.605950509448,10.8370653843969
216,"Luminal A",11.674782854177,10.6954957323102,10.1559244262298,10.0320344952509
217,"Luminal A",11.6803425282483,11.1154515638084,10.427334861928,8.76474570677707
220,"Luminal A",10.5966499283464,10.2850150898546,10.3128425053234,10.2496436796761
221,"Luminal A",11.9572076578131,11.543935406794,10.1917148393667,8.96686328481651
222,"Luminal A",11.6399216514325,9.57758143522412,10.053357328364,8.09707909919019
223,"Luminal A",10.107105901517,9.92839400613993,10.2705258972428,10.7592442352722
224,"Luminal A",11.5048114420092,10.7379050260177,10.5486919926296,9.66927944952136
225,"Luminal A",13.4313588384137,11.000761704727,9.82304043995753,13.4159543821413
228,"Luminal A",8.83247040616653,10.3195894136355,10.0646269070715,8.36571015230988
231,"Luminal A",11.9673644772839,10.3933133550433,9.10547585305972,11.0911032401062
232,"Luminal A",11.8729883851425,12.239935993643,10.2356408488135,8.11731470880586
234,"Luminal A",11.9183847202613,11.8312702843069,10.2304654446754,9.79207196500081
235,"Luminal A",12.1314520769678,11.1793338491894,9.70789351103162,6.97428860497561
182,"Luminal B",9.92614899061907,10.9427585901003,13.7969197010885,5.09412962571428
183,"Luminal B",12.2049716779188,10.1972257641718,12.5371076941645,8.35524364514028
185,"Luminal B",11.6573224340446,10.2320080458754,10.4694533859794,10.3818047152782
186,"Luminal B",12.8645168812353,11.1241849117291,10.4858099849419,6.64545603523593
188,"Luminal B",12.4758696040286,10.8292288620448,9.92162823879537,5.42825183130387
189,"Luminal B",11.6403969128569,10.4866709436777,9.73279318861607,11.8019603077162
192,"Luminal B",11.2771834746664,10.9988048830711,13.3925879862373,4.61671127455715
193,"Luminal B",9.45175168288244,10.2574390336246,13.6383605421777,4.82074643875582
196,"Luminal B",10.220273047506,10.333190396285,12.9102211522182,4.74272863217302
197,"Luminal B",10.245530332251,10.0745508267846,14.1500761504035,4.46758506743009
198,"Luminal B",12.2605727720138,9.65319924863397,10.9505565750413,7.03871470826256
201,"Luminal B",11.9416985704523,11.4165647961868,12.1715156355035,4.66826452721281
202,"Luminal B",11.5804083838405,10.0557968467602,13.0880192787641,5.00127502118116
206,"Luminal B",11.5449233354095,11.3910928245224,11.7345177624583,8.89956463938181
207,"Luminal B",11.5921581171937,11.1628766091024,12.8374955764531,4.26585618997964
210,"Luminal B",12.8026527099704,10.9857605686453,13.7891748802026,12.0375760549958
211,"Luminal B",8.55066220672696,9.31162342935362,13.2170439085983,4.51870499066111
212,"Luminal B",11.1899988875439,9.64069671225233,13.738714067636,7.72890283836788
214,"Luminal B",10.8747214451274,11.6611903608823,13.8611387526276,5.19312827566861
215,"Luminal B",11.839739576461,11.0269954465255,13.2913072107936,9.26398310689305
218,"Luminal B",11.7183843591378,11.0735959296098,10.1364709565777,8.90356432134326
219,"Luminal B",10.9999201205876,10.0285954192455,12.582326337553,9.93253735754828
226,"Luminal B",12.4526606170256,9.88630927417317,13.4702163378269,5.90471836911307
227,"Luminal B",8.66829791054259,9.16926033749484,13.2290725989131,4.51805870883886
229,"Luminal B",10.0029684179422,8.77577792989347,12.5927455333293,4.68640442905
230,"Luminal B",10.2803603172248,10.6977719184793,13.9878215211043,6.09040236595295
233,"Luminal B",11.7926616903827,10.7879866662207,13.3562978956413,4.39195135710356
236,"Luminal B",11.5481868820016,10.2134749863735,13.2953147696983,6.33735620026914
237,"Luminal B",10.4103190484602,10.1525940275533,12.3466435565717,5.62670029161705
238,"Luminal B",11.7927376648463,10.3214069852051,13.3043615361188,5.81733812830028
