PC1,PC2,PC3,PC4,sample,subtype
-40.2166583489635,32.5800418977316,4.33505029334737,-18.8851360130922,84,Basal-like
-39.3694901032495,29.7856676876569,12.2713691868696,2.40463750340457,85,Basal-like
-60.3187180753704,11.5482034695595,8.93846560977666,-22.1998920907277,87,Basal-like
-32.065166072809,43.103111638779,5.27969935470977,-12.7244228949033,90,Basal-like
-29.450566929041,34.6469848282164,1.79685283403329,-12.9335878055358,91,Basal-like
-24.3847982505317,11.4872775179925,10.3560487271762,-13.2693391005459,92,Basal-like
-36.1861478765681,-7.08821777111131,8.95561199115166,-1.40593830278033,93,Basal-like
-23.1640542548177,45.6274062621351,11.6733846581591,-1.44507139904136,94,Basal-like
-27.2929667906471,41.7499522377382,15.3346507654212,-4.54242707502133,99,Basal-like
-38.2080662377514,47.3982774071241,6.2067577079854,-11.6488238444719,101,Basal-like
-24.8020413649174,14.6106670213399,19.6037355548219,6.60211884456503,102,Basal-like
-32.6381324335296,26.0781647340357,16.4935062444854,5.89615463487325,106,Basal-like
-1.62440827845823,23.9749532851035,-13.7870821172413,7.45676540921455,108,Basal-like
-34.82347199921,39.3336147772109,4.55037536565007,-20.0528733012102,109,Basal-like
-26.0112820900174,17.006349794685,10.2413554925966,8.11837767478997,110,Basal-like
-49.3637847275636,23.9678575094058,12.7178938890705,-21.7277065462914,111,Basal-like
-30.1968251009932,16.9782871106499,5.88503178979775,15.8674136522644,112,Basal-like
-41.8190431209363,35.8688911986663,11.1795282073381,-8.58540528731655,113,Basal-like
-18.2249376177706,25.7031101368046,13.4024915938157,4.14592045274402,114,Basal-like
-27.5590054718371,37.9543452849541,4.99800448116939,-24.0311748132583,115,Basal-like
-38.276918577,6.0927908510323,13.4605335727738,8.60834997371873,118,Basal-like
-0.0593103004107947,31.7929459093267,35.8529262334699,11.6582615026466,119,Basal-like
-32.3832091314917,31.2720121800353,11.2112560808343,-1.65455977040782,120,Basal-like
-16.9831517458197,42.1499006588212,7.44868420781276,-2.1225056195223,124,Basal-like
-27.172102231927,4.7396598551276,-4.60575103715277,8.70047182526882,125,Basal-like
-20.2136649842527,30.5970736657819,22.8146126779457,-1.22784136651317,128,Basal-like
-6.04530915020721,24.1760614623717,-20.9958299348081,3.1904628967165,130,Basal-like
-37.1665870951971,35.8317228714833,2.32287788740221,-27.582961934712,131,Basal-like
-14.7981669066917,36.2266892861317,11.3355924510175,-0.289111098158838,135,Basal-like
-23.4346513554332,37.752870303482,12.4749893121028,-28.5397940505979,136,Basal-like
-40.8578448359434,-6.32700025131999,19.6327105385803,8.76219006064154,138,Basal-like
-42.3404378670937,17.9476258429466,7.06299611497311,-0.596742702770492,139,Basal-like
-23.2830585253348,28.583061679366,11.1080013308542,-7.00941843973938,142,Basal-like
-43.5779957390089,15.4007290165199,14.4667646063807,7.28558330751746,143,Basal-like
-13.0058204242855,36.1741036339155,21.0314157026023,1.25857091723215,144,Basal-like
-35.6236326458925,32.3287326309819,20.2535155851336,2.05768517760387,145,Basal-like
-13.0962722687712,-2.40058276758569,-12.0055952969591,8.46307669970472,146,Basal-like
-19.6972154233936,42.31289373188,11.3062833963651,-6.24492950796151,147,Basal-like
-44.4628977026209,35.0358002965222,7.5150756372327,-18.4129459388001,148,Basal-like
-27.7323931854784,-6.83444910450484,17.8531679520214,16.1022315438298,149,Basal-like
-41.4326106939386,21.5144304723909,2.05926277435932,-2.24648842946531,150,Basal-like
17.6323942461879,17.5892928756503,-23.3000194412368,9.56217361210838,86,HER2-enriched
1.41248594553405,0.442274149926779,-39.0054402504928,28.7676436274285,88,HER2-enriched
5.6418837780301,0.0478347265593263,-20.7018595196702,43.7906562344223,89,HER2-enriched
10.4644775887403,19.8460319772321,-25.0909039523473,5.24829905478955,95,HER2-enriched
-5.09170961537081,14.3418797733564,-28.5246148563429,11.7672126314049,96,HER2-enriched
4.39604602684512,27.518176274071,-19.8493629819092,0.795548640579976,97,HER2-enriched
15.9593251531951,29.3770221572816,-30.6092030297297,-5.48325313044315,98,HER2-enriched
5.85010728532894,0.670734676659489,-22.1723192186106,35.3050588570048,100,HER2-enriched
3.9947929704763,29.9177971563017,-20.9823957985558,-17.5162744657662,103,HER2-enriched
8.39308307781017,30.0943512014997,-31.7449187386387,2.03834762535511,104,HER2-enriched
8.52477844232173,9.49723474999998,-26.3992976808162,29.8194274851187,105,HER2-enriched
11.8520423997667,8.02233579943353,-21.4360833165549,-1.72413873853458,107,HER2-enriched
-12.3569589966015,-19.4924558512918,-31.7351044077623,18.5200366630312,116,HER2-enriched
-0.95131540226048,13.1377098067767,-18.2698119534119,30.0613521206909,117,HER2-enriched
10.0619184235967,22.3087202822712,-20.3421661196754,14.9320494830351,121,HER2-enriched
9.72274126428338,4.46825948603835,-11.9642311618193,29.8873428147699,122,HER2-enriched
6.90655908274186,4.78064524026045,-3.36016460416516,38.8923099439293,123,HER2-enriched
-5.22509471191497,-13.8093084492507,-29.0416299595132,15.7787869187023,126,HER2-enriched
7.42863781285238,5.96502527683032,-4.34334151917359,31.0128761000941,127,HER2-enriched
21.0044964196364,32.0504276433255,-22.8167947737807,-9.21791213590875,129,HER2-enriched
7.58609032497277,21.4394928825504,-26.5233700153957,16.0603137532845,132,HER2-enriched
-4.23872665297447,13.680981681856,-21.4548067502753,10.1155338568676,133,HER2-enriched
7.38557671999806,27.3336272750397,15.0138813153205,20.8691114860209,134,HER2-enriched
15.4843540893067,-5.13337662417035,-17.2056250140608,29.4323883150312,137,HER2-enriched
1.95832611175069,29.4793114023587,19.3279089838423,6.51074700954952,140,HER2-enriched
-33.7809682725288,28.7767300164823,8.37352189760172,-1.70268363331964,141,HER2-enriched
4.95040887013214,28.3835679744082,-1.21687593825772,20.0281767045767,151,HER2-enriched
11.1587148151683,7.82531913620131,-16.9799075293151,30.0582505971883,152,HER2-enriched
-9.82393697466824,-30.9042447194815,-27.312666336117,-0.544327038015555,153,HER2-enriched
7.50261588060186,18.4038397087688,-21.8903138875271,29.7667267932378,154,HER2-enriched
-77.6564257894635,-58.7937198771241,-24.4677154714892,-0.85797130566105,155,Cell line
-77.0412670971019,-43.8394922423768,-11.6990468479508,11.3451997666866,156,Cell line
-75.3554686753516,-46.1448411968404,0.914259723497496,-2.05669604137908,157,Cell line
-75.9696945579694,-41.6432727948144,0.510204777026269,-3.94348142711627,158,Cell line
-82.1549610571262,-52.4843736963803,-8.46663859205648,0.285078558334321,159,Cell line
-82.7136173526988,-49.1366487691803,-8.39283540866354,16.8082856314734,160,Cell line
-68.2092044578861,-43.0254776753198,4.0042135870518,0.082175059574969,161,Cell line
-67.9567868502658,-55.7191079761201,-8.48301251024876,-13.825240925628,162,Cell line
-72.2221515201519,-46.507227319208,-5.10481031917346,-15.3027647656552,163,Cell line
-57.635562815886,-51.1649337306099,4.2082876420765,-12.4583736958323,164,Cell line
-69.7094719204874,-46.7872669435428,-3.00142545619561,-14.0210700851022,165,Cell line
-43.4909468394914,-46.0362184491464,6.9432691019399,0.18240800515533,166,Cell line
-78.4681095944549,-56.1896671039199,-7.1485341588572,4.68362504006229,167,Cell line
-74.564401297918,-51.9175771994218,-3.84963154636284,10.9499334353269,168,Cell line
15.5137804748219,-29.8546851233919,62.0349934317736,14.0701039016725,171,Normal
20.0992948198996,-8.95848088648409,61.328449482754,11.2994757889012,172,Normal
19.1516460848117,-21.6967770660356,53.2040667794092,19.4316143941631,173,Normal
15.2339121573021,-23.8352089481101,57.837669833957,13.1127433324704,174,Normal
17.1277412089623,-22.1486980116461,49.4452931415206,15.7500473462916,175,Normal
24.4664191220617,-32.9895226411123,57.5811839696809,10.7602068411927,177,Normal
12.7900026105018,-20.2436452100274,53.994338514605,10.8475430517234,178,Normal
45.2481102440988,-2.32911629821857,0.209220843117587,-15.0890806293655,180,Luminal A
42.7793089761507,-1.23874353463737,-2.32166763696658,-11.0349976035519,181,Luminal A
47.3229196832705,-9.99940553814611,14.8990809676922,0.043039393772285,184,Luminal A
45.7366142245958,-7.52231215865084,-4.73003399330975,2.33781434459774,187,Luminal A
43.3568495606623,8.55348014225924,18.544602559171,-1.52165160935585,190,Luminal A
36.2430994929865,-13.3953789078547,-4.52263553526775,-7.64571836360805,191,Luminal A
50.2504788794442,-5.24344706613138,21.1935816934042,6.34375162244241,194,Luminal A
47.9638723294902,-5.79914231484328,18.8560397754883,-2.75269870591948,195,Luminal A
42.8385262216337,-22.958751638215,12.5207651439732,-18.7606545984359,199,Luminal A
47.9359056187714,-16.5148449261545,16.51914897046,-11.7930434948429,200,Luminal A
40.4664760721573,-25.3402809801577,4.23360689525945,-18.4453142117643,203,Luminal A
42.5006190403359,-4.48745375153317,27.9186399854291,9.48515877853144,204,Luminal A
42.3796524082438,-18.8501701502728,15.5548095328571,-11.728568441111,205,Luminal A
43.1714992982432,-17.7511342652678,7.31074675575921,-4.42657744244055,208,Luminal A
50.7304111743607,-5.98391990317115,18.5805936199864,4.14241832951355,209,Luminal A
44.8159242575684,-31.7154161108501,5.97508577907459,-16.0870549053624,213,Luminal A
45.9721313481051,-15.8013222970645,4.66595410720634,2.99570787298679,216,Luminal A
38.9791076505833,-13.6702945550752,12.5737863331117,2.64363820949799,217,Luminal A
46.1779145865629,-27.3932104705532,18.6995051209999,0.649579812952777,220,Luminal A
37.5421347521403,-26.1235316539403,15.027358482521,1.4966649743357,221,Luminal A
36.4806661818135,15.5725316545225,-9.7674745869524,-20.8844967888303,222,Luminal A
42.7392134135091,-5.84183344494458,25.5964609992141,-1.16305294239001,223,Luminal A
40.9815974286472,-15.9768774888019,5.92976289699598,-8.31384764539137,224,Luminal A
22.4265133072098,-48.3295715723144,-6.31111525093267,-28.0451741301539,225,Luminal A
49.4634214151699,5.13325290373635,4.88410307628783,-5.51471351906487,228,Luminal A
47.5704656727741,-17.8717693003008,6.42891143893143,-2.71763797525729,231,Luminal A
44.8510543498403,-21.5668629487114,4.8210608897436,2.6646676354142,232,Luminal A
41.53539483894,-20.3171984832605,2.99630915817081,-9.2889639247808,234,Luminal A
40.2582384057581,-12.7424718554539,-6.50249221144985,-15.1876749835125,235,Luminal A
21.3545878637296,-0.756708238741429,-6.02464463344825,-4.36611575954699,182,Luminal B
18.4436295111725,8.71663362238306,-26.150170884332,-11.6708959952342,183,Luminal B
14.1513202066815,-1.99542752173863,-8.42391769974979,-24.185715909573,185,Luminal B
22.9520812421822,-20.4027114514745,-12.3751433079397,-27.6623908605487,186,Luminal B
25.0100257734374,1.59735707944194,-5.42641631544342,-23.3718532562356,188,Luminal B
12.6686014595022,-21.9594346411907,-18.3072706598383,-11.7447861114149,189,Luminal B
34.9465209817918,-23.8417893751154,-5.65487733644178,-10.7696604880877,192,Luminal B
23.1477537276939,-2.15744372688661,-15.4656041624518,13.5834976031813,193,Luminal B
36.1240386298058,2.4437070351496,-9.07718672008503,-0.0397969824554824,196,Luminal B
31.543301861743,-10.3021236505025,-21.062791586195,9.48982130894078,197,Luminal B
19.2145535244278,-29.0878852630668,-8.16958679830844,-15.8227871218111,198,Luminal B
26.3585170294664,-13.3856980380715,-23.8540306834275,-30.7264163801678,201,Luminal B
27.6835548386714,11.4568358965683,-10.6965851366705,-11.298169376562,202,Luminal B
38.4339430561741,-30.6623035798384,-10.9314847095896,-16.2582513702487,206,Luminal B
8.19519752104485,-12.5029372501015,-23.1625962207723,-29.3017960419355,207,Luminal B
26.2445424545188,-4.97436430687098,-11.1300578811601,-22.0222379889107,210,Luminal B
26.0737613030469,20.3275240825551,-9.3805764397373,-0.233968308581852,211,Luminal B
11.8440357941632,-13.276369716354,-18.8317206047888,25.1814054460156,212,Luminal B
17.0853616634287,-3.9039164179727,-30.5306519639653,-17.930972442182,214,Luminal B
32.6811876438826,-25.7258341680029,-4.5780295453677,-2.3651808407001,215,Luminal B
16.6548660876836,-13.7281857236964,-19.5869769657358,-2.231929001308,218,Luminal B
32.9461748883354,19.1230017333527,-11.1338919296268,0.220663607346808,219,Luminal B
22.6576403990638,-13.2624910573519,-16.1842753211558,5.32092156353792,226,Luminal B
20.7176270698944,30.5658797557296,-6.50637480966748,-13.3921551319098,227,Luminal B
29.8872068644525,2.50671557340439,-12.6963459241126,17.8414627236435,229,Luminal B
16.6063278691022,-13.9639488901049,-13.870605856049,-1.24963985941007,230,Luminal B
13.0849423990631,-12.6217184329353,-29.2057682749442,-17.0493961879683,233,Luminal B
10.6055093254341,-1.76501005476041,-14.0429470632703,-6.51147107548236,236,Luminal B
33.6272642675606,-6.62630644023559,-7.00797962614722,-2.32006894682017,237,Luminal B
24.6627470898871,-7.95426299908214,-12.186091288534,1.31256628874377,238,Luminal B
