group,time,surv,lower,upper,n.risk
EF ≤ 30%,90,0.619830263340584,0.526632655471227,0.729520950441419,49
EF ≤ 30%,180,0.442778059403367,0.341714211354629,0.573732093587262,27
EF ≤ 30%,270,0.227618591143506,0.11573833492569,0.447649631968694,0
EF 31–40%,90,0.840510769901592,0.778782473108867,0.907131809862663,91
EF 31–40%,180,0.774166203452068,0.69969896596986,0.856558805595269,56
EF 31–40%,270,0.774166203452068,0.69969896596986,0.856558805595269,4
EF > 40%,90,0.801514874606559,0.71545953188525,0.897920938341213,49
EF > 40%,180,0.716702031594958,0.603682499779511,0.850880723360294,23
EF > 40%,270,0.671908154620273,0.542894999645236,0.831579897660203,2
