x,y,rho,p
Follow-up time,Death event,-0.543178696100357,2.39326441972185e-24
Sex (male),Smoking,0.445891711909791,5.17921850648324e-16
Serum creatinine,Death event,0.370630041443527,3.61215104858276e-11
Serum sodium,Serum creatinine,-0.300413263738922,1.18564532715818e-07
Ejection fraction,Death event,-0.286868532979151,4.50928538318517e-07
Age,Serum creatinine,0.270561174869684,2.05756421694447e-06
Age,Death event,0.218124565331428,0.000143645415994689
Anaemia,Creatinine phosphokinase,-0.216116413325131,0.000165917351421714
Serum sodium,Death event,-0.209836909059725,0.00025820209227281
Age,Follow-up time,-0.197524484556811,0.000592299821090548
High blood pressure,Follow-up time,-0.194793800729342,0.000707413384147717
Serum creatinine,Ejection fraction,-0.177986205338675,0.00200505323690374
Serum sodium,Ejection fraction,0.161695391234153,0.00506721068231136
Serum creatinine,Follow-up time,-0.16098969040314,0.00526535058868687
Sex (male),Diabetes,-0.15772950433811,0.00627407671801592
Smoking,Diabetes,-0.147173413323414,0.0108312455562941
Sex (male),Platelets,-0.137433102254066,0.0174172224884294
Anaemia,Follow-up time,-0.134651577634727,0.0198480555701458
Sex (male),Ejection fraction,-0.130791785988583,0.0237064974535541
Creatinine phosphokinase,Follow-up time,0.125822682075563,0.0296139307700398
Smoking,Anaemia,-0.107289838237167,0.0639117041491919
Age,High blood pressure,0.105739623949538,0.0678694975128718
Sex (male),High blood pressure,-0.104614629356897,0.0708654921645648
Age,Serum sodium,-0.101715854587131,0.0790847470298784
Sex (male),Anaemia,-0.0947689609331495,0.101938525325764
Age,Creatinine phosphokinase,-0.0930782048110822,0.108225630146979
High blood pressure,Serum creatinine,-0.0896916401744164,0.121733637171385
Age,Diabetes,-0.0896569616582629,0.121878449731939
Serum sodium,Follow-up time,0.0863933758673879,0.136116031864808
High blood pressure,Creatinine phosphokinase,-0.0807244885337135,0.163836638585712
High blood pressure,Death event,0.0793510576912854,0.171149498529353
Sex (male),Serum sodium,-0.0770836117503435,0.183750402509693
Age,Ejection fraction,0.0740471164415655,0.201678292062916
Diabetes,Platelets,0.0738287203156744,0.20301501501809
Age,Anaemia,0.0719244717399946,0.214942982582427
Smoking,Ejection fraction,-0.0717484735797819,0.216070265252519
Ejection fraction,Follow-up time,0.0705333964886564,0.223968597967032
High blood pressure,Platelets,0.0690210557849076,0.234083327806762
Creatinine phosphokinase,Ejection fraction,-0.0678385130252096,0.242213609698307
Anaemia,Death event,0.0662700984602878,0.253298814564364
Anaemia,Serum sodium,0.0614052781787511,0.289896799498173
Creatinine phosphokinase,Platelets,0.0600332796877996,0.300828762359411
Age,Sex (male),0.0577907713970361,0.319277969583134
Smoking,High blood pressure,-0.0557113687775628,0.337029881973814
Diabetes,Serum sodium,-0.0553864484986736,0.339859709559751
Platelets,Ejection fraction,0.0536956533301517,0.354829009528177
Sex (male),Serum creatinine,0.0521842270105696,0.368555291858267
Age,Platelets,-0.0520907683769742,0.369414708566015
Platelets,Serum creatinine,-0.0510277177621313,0.379277242049995
Creatinine phosphokinase,Serum creatinine,-0.0499364170804522,0.389567781663624
Platelets,Serum sodium,0.0494525511437141,0.394184004716697
Platelets,Death event,-0.0461997600770334,0.426062585164279
Diabetes,Creatinine phosphokinase,0.0423076730044892,0.466105559636696
Anaemia,High blood pressure,0.0381820027324272,0.510729027717105
Anaemia,Platelets,-0.0356082202720202,0.539652097544715
Smoking,Creatinine phosphokinase,-0.0303514560332639,0.601149719669201
Age,Smoking,0.0301449313506071,0.603628780674378
Diabetes,Follow-up time,0.0295005560756043,0.611392883469181
Smoking,Follow-up time,-0.0264762784102703,0.64840439371781
Creatinine phosphokinase,Death event,0.0236159274341013,0.684225537531378
Anaemia,Ejection fraction,0.0203656011291644,0.725801806096445
High blood pressure,Serum sodium,0.0192810937905407,0.739862345420853
High blood pressure,Ejection fraction,0.0179429981403087,0.757330099622778
Sex (male),Follow-up time,-0.0173321427196143,0.765346117786744
Smoking,Serum creatinine,-0.0170476481050835,0.769088040291886
Creatinine phosphokinase,Serum sodium,0.0168857332096898,0.771220085100996
Anaemia,Serum creatinine,-0.0162669385061552,0.779383903909006
Sex (male),Creatinine phosphokinase,0.0132981903025311,0.818873454517267
Diabetes,High blood pressure,-0.012732381675486,0.82645518585079
Anaemia,Diabetes,-0.0127290458094634,0.826499934348321
Smoking,Death event,-0.0126231527093596,0.82792071280924
Diabetes,Ejection fraction,-0.0119059175676734,0.837558455659856
Smoking,Serum sodium,0.00833513044924428,0.885874250882487
Platelets,Follow-up time,-0.00692726916821395,0.905050851276357
Smoking,Platelets,0.00477356011577614,0.934489824016202
Sex (male),Death event,-0.00431637631970306,0.940751912320664
Diabetes,Death event,-0.00194288334420349,0.97331182678477
Diabetes,Serum creatinine,0.00193326437902794,0.973443907818334
