variable,Survived,Died,type
age,60.0 [50.0–65.0],65.0 [55.0–75.0],median [IQR]
creatinine_phosphokinase,245.0 [109.0–582.0],259.0 [128.8–582.0],median [IQR]
ejection_fraction,38.0 [35.0–45.0],30.0 [25.0–38.0],median [IQR]
platelets,263.0 [219.5–302.0],258.5 [197.5–311.0],median [IQR]
serum_creatinine,1.0 [0.9–1.2],1.3 [1.1–1.9],median [IQR]
serum_sodium,137.0 [135.5–140.0],135.5 [133.0–138.2],median [IQR]
time,172.0 [95.0–213.0],44.5 [25.5–102.2],median [IQR]
anaemia,83 (41%),46 (48%),n (%)
diabetes,85 (42%),40 (42%),n (%)
high_blood_pressure,66 (33%),39 (41%),n (%)
sex,132 (65%),62 (65%),n (%)
smoking,66 (33%),30 (31%),n (%)
